assembly	Superkingdom	Phylum	Class	Order	Family	Genus	Species
Canalb1	Eukaryota	Ascomycota	Saccharomycetes	Saccharomycetales	Debaryomycetaceae	Candida	Candida albicans
Capep1	Eukaryota	Ascomycota	Eurotiomycetes	Chaetothyriales	Herpotrichiellaceae	Capronia	Capronia epimyces
NA	NA	NA	NA	NA	NA	NA	NA
Spapa3	Eukaryota	Ascomycota	Saccharomycetes	Saccharomycetales	Debaryomycetaceae	Spathaspora	Spathaspora passalidarum
Hanpo2	Eukaryota	Ascomycota	Saccharomycetes	Saccharomycetales	Pichiaceae	Ogataea	Ogataea polymorpha
Kurca1	Eukaryota	Ascomycota	Saccharomycetes	Saccharomycetales	NA	Kuraishia	Kuraishia capsulata
Pneji1	Eukaryota	Ascomycota	Pneumocystidomycetes	Pneumocystidales	Pneumocystidaceae	Pneumocystis	Pneumocystis jirovecii
Arxad1	Eukaryota	Ascomycota	Saccharomycetes	Saccharomycetales	Trichomonascaceae	Blastobotrys	NA
Canca1	Eukaryota	Ascomycota	Saccharomycetes	Saccharomycetales	Trigonopsidaceae	Tortispora	Tortispora caseinolytica
Neopa1	Eukaryota	Ascomycota	Dothideomycetes	Botryosphaeriales	Botryosphaeriaceae	Neofusicoccum	Neofusicoccum parvum
Botdo1_1	Eukaryota	Ascomycota	Dothideomycetes	Botryosphaeriales	Botryosphaeriaceae	Botryosphaeria	Botryosphaeria dothidea
Glost2	Eukaryota	Ascomycota	Dothideomycetes	NA	Gloniaceae	Glonium	Glonium stellatum
Cenge3	Eukaryota	Ascomycota	Dothideomycetes	NA	Gloniaceae	Cenococcum	Cenococcum geophilum
Hyspu1_1	Eukaryota	Ascomycota	Dothideomycetes	Hysteriales	Hysteriaceae	Hysterium	Hysterium pulicare
Rhyru1_1	Eukaryota	Ascomycota	Dothideomycetes	Hysteriales	Hysteriaceae	Rhytidhysteron	Rhytidhysteron rufulum
Mycfi2	Eukaryota	Ascomycota	Dothideomycetes	Capnodiales	Mycosphaerellaceae	Pseudocercospora	NA
Sepmu1	Eukaryota	Ascomycota	Dothideomycetes	Capnodiales	Mycosphaerellaceae	Sphaerulina	Sphaerulina musiva
Seppo1	Eukaryota	Ascomycota	Dothideomycetes	Capnodiales	Mycosphaerellaceae	Sphaerulina	Sphaerulina populicola
Zymar1	Eukaryota	Ascomycota	Dothideomycetes	Capnodiales	Mycosphaerellaceae	Zymoseptoria	Zymoseptoria ardabiliae
Mycgr3	Eukaryota	Ascomycota	Dothideomycetes	Capnodiales	Mycosphaerellaceae	Zymoseptoria	Zymoseptoria tritici
Dotse1	Eukaryota	Ascomycota	Dothideomycetes	Capnodiales	Mycosphaerellaceae	Dothistroma	Dothistroma septosporum
Clafu1	Eukaryota	Ascomycota	Dothideomycetes	Capnodiales	Mycosphaerellaceae	Passalora	Passalora fulva
Bauco1	Eukaryota	Ascomycota	Dothideomycetes	Capnodiales	Teratosphaeriaceae	Baudoinia	Baudoinia panamericana
Aciri1_iso	Eukaryota	Ascomycota	Dothideomycetes	Capnodiales	NA	Acidomyces	Acidomyces richmondensis
Clasph1	Eukaryota	Ascomycota	Dothideomycetes	Capnodiales	Cladosporiaceae	Cladosporium	Cladosporium sphaerospermum
Ascsa1	Eukaryota	Ascomycota	Leotiomycetes	Helotiales	Helotiaceae	Ascocoryne	Ascocoryne sarcoides
Marbr1	Eukaryota	Ascomycota	Leotiomycetes	Helotiales	Dermateaceae	Marssonina	Marssonina brunnea
Cadsp1	Eukaryota	Ascomycota	Leotiomycetes	Helotiales	NA	Cadophora	Cadophora sp. DSE1049
Phisc1	Eukaryota	Ascomycota	Leotiomycetes	Helotiales	NA	Phialocephala	Phialocephala scopiformis
NA	NA	NA	NA	NA	NA	NA	NA
Glalo1	Eukaryota	Ascomycota	Leotiomycetes	Helotiales	Helotiaceae	Glarea	Glarea lozoyensis
Sclsc1	Eukaryota	Ascomycota	Leotiomycetes	Helotiales	Sclerotiniaceae	Sclerotinia	Sclerotinia sclerotiorum
Amore1	Eukaryota	Ascomycota	Leotiomycetes	NA	Myxotrichaceae	Amorphotheca	Amorphotheca resinae
Oidma1	Eukaryota	Ascomycota	Leotiomycetes	NA	Myxotrichaceae	Oidiodendron	Oidiodendron maius
Pseudest1	Eukaryota	Ascomycota	Leotiomycetes	NA	Pseudeurotiaceae	Pseudogymnoascus	Pseudogymnoascus destructans
Eutla1	Eukaryota	Ascomycota	Sordariomycetes	Xylariales	Diatrypaceae	Eutypa	Eutypa lata
HypEC38_3	Eukaryota	Ascomycota	Sordariomycetes	Xylariales	Hypoxylaceae	Hypoxylon	Hypoxylon sp. EC38
HypCI4A_1	Eukaryota	Ascomycota	Sordariomycetes	Xylariales	Hypoxylaceae	Hypoxylon	Hypoxylon sp. CI-4A
Color1	Eukaryota	Ascomycota	Sordariomycetes	Glomerellales	Glomerellaceae	Colletotrichum	Colletotrichum orchidophilum
Colgr1	Eukaryota	Ascomycota	Sordariomycetes	Glomerellales	Glomerellaceae	Colletotrichum	Colletotrichum graminicola
Aspacu1	Eukaryota	Ascomycota	Eurotiomycetes	Eurotiales	Aspergillaceae	Aspergillus	Aspergillus aculeatinus
Corca1	Eukaryota	Ascomycota	Dothideomycetes	Pleosporales	Corynesporascaceae	Corynespora	Corynespora cassiicola
CocheC4_1	Eukaryota	Ascomycota	Dothideomycetes	Pleosporales	Pleosporaceae	Bipolaris	Bipolaris maydis
Colch1	Eukaryota	Ascomycota	Sordariomycetes	Glomerellales	Glomerellaceae	Colletotrichum	Colletotrichum chlorophyti
Colorb1	Eukaryota	Ascomycota	Sordariomycetes	Glomerellales	Glomerellaceae	Colletotrichum	Colletotrichum orbiculare
Colsi1	Eukaryota	Ascomycota	Sordariomycetes	Glomerellales	Glomerellaceae	Colletotrichum	Colletotrichum simmondsii
Colfi1	Eukaryota	Ascomycota	Sordariomycetes	Glomerellales	Glomerellaceae	Colletotrichum	Colletotrichum fioriniae
Colto1	Eukaryota	Ascomycota	Sordariomycetes	Glomerellales	Glomerellaceae	Colletotrichum	Colletotrichum tofieldiae
Veral1	Eukaryota	Ascomycota	Sordariomycetes	Glomerellales	Plectosphaerellaceae	Verticillium	Verticillium alfalfae
Verda1	Eukaryota	Ascomycota	Sordariomycetes	Glomerellales	Plectosphaerellaceae	Verticillium	Verticillium dahliae
Acrchr1	Eukaryota	Ascomycota	Sordariomycetes	Hypocreales	NA	Acremonium	Acremonium chrysogenum
Triat2	Eukaryota	Ascomycota	Sordariomycetes	Hypocreales	Hypocreaceae	Trichoderma	Trichoderma atroviride
TriviGv29_8_2	Eukaryota	Ascomycota	Sordariomycetes	Hypocreales	Hypocreaceae	Trichoderma	Trichoderma virens
Trire2	Eukaryota	Ascomycota	Sordariomycetes	Hypocreales	Hypocreaceae	Trichoderma	Trichoderma reesei
Pocchl1	Eukaryota	Ascomycota	Sordariomycetes	Hypocreales	Clavicipitaceae	Pochonia	Pochonia chlamydosporia
Ustvir1	Eukaryota	Ascomycota	Sordariomycetes	Hypocreales	NA	Ustilaginoidea	Ustilaginoidea virens
Pyrtt1	Eukaryota	Ascomycota	Dothideomycetes	Pleosporales	Pleosporaceae	Pyrenophora	Pyrenophora teres
Fusgr1	Eukaryota	Ascomycota	Sordariomycetes	Hypocreales	Nectriaceae	Fusarium	Fusarium graminearum
Fusfu1	Eukaryota	Ascomycota	Sordariomycetes	Hypocreales	Nectriaceae	Fusarium	Fusarium fujikuroi
Neodi1	Eukaryota	Ascomycota	Sordariomycetes	Hypocreales	Nectriaceae	Neonectria	Neonectria ditissima
Podan3	Eukaryota	Ascomycota	Sordariomycetes	Sordariales	Lasiosphaeriaceae	Podospora	Podospora anserina
Cersu1	Eukaryota	Basidiomycota	Agaricomycetes	Polyporales	Meruliaceae	Ceriporiopsis	NA
Neucr2	Eukaryota	Ascomycota	Sordariomycetes	Sordariales	Sordariaceae	Neurospora	Neurospora crassa
Thite2	Eukaryota	Ascomycota	Sordariomycetes	Sordariales	Chaetomiaceae	Thielavia	Thielavia terrestris
Spoth2	Eukaryota	Ascomycota	Sordariomycetes	Sordariales	Chaetomiaceae	Thermothelomyces	Thermothelomyces thermophila
Phaal1	Eukaryota	Ascomycota	Sordariomycetes	Togniniales	Togniniaceae	Phaeoacremonium	Phaeoacremonium minimum
Ophnu1	Eukaryota	Ascomycota	Sordariomycetes	Ophiostomatales	Ophiostomataceae	Ophiostoma	Ophiostoma novo-ulmi
Grocl1	Eukaryota	Ascomycota	Sordariomycetes	Ophiostomatales	Ophiostomataceae	Grosmannia	Grosmannia clavigera
Artbe1	Eukaryota	Ascomycota	Eurotiomycetes	Onygenales	Arthrodermataceae	Trichophyton	Trichophyton benhamiae
Triver1	Eukaryota	Ascomycota	Eurotiomycetes	Onygenales	Arthrodermataceae	Trichophyton	Trichophyton verrucosum
Micca1	Eukaryota	Ascomycota	Eurotiomycetes	Onygenales	Arthrodermataceae	Microsporum	Microsporum canis
Cocim1	Eukaryota	Ascomycota	Eurotiomycetes	Onygenales	NA	Coccidioides	Coccidioides immitis
Uncre1	Eukaryota	Ascomycota	Eurotiomycetes	Onygenales	Onygenaceae	Uncinocarpus	Uncinocarpus reesii
Aspor1	Eukaryota	Ascomycota	Eurotiomycetes	Eurotiales	Aspergillaceae	Aspergillus	Aspergillus oryzae
Aspbom1	Eukaryota	Ascomycota	Eurotiomycetes	Eurotiales	Aspergillaceae	Aspergillus	Aspergillus bombycis
Aspste1	Eukaryota	Ascomycota	Eurotiomycetes	Eurotiales	Aspergillaceae	Aspergillus	Aspergillus steynii
Aspcam1	Eukaryota	Ascomycota	Eurotiomycetes	Eurotiales	Aspergillaceae	Aspergillus	Aspergillus campestris
Aspoch1	Eukaryota	Ascomycota	Eurotiomycetes	Eurotiales	Aspergillaceae	Aspergillus	Aspergillus ochraceoroseus
Asphet1	Eukaryota	Ascomycota	Eurotiomycetes	Eurotiales	Aspergillaceae	Aspergillus	Aspergillus heteromorphus
Aspscl1	Eukaryota	Ascomycota	Eurotiomycetes	Eurotiales	Aspergillaceae	Aspergillus	Aspergillus sclerotioniger
Aspeuc1	Eukaryota	Ascomycota	Eurotiomycetes	Eurotiales	Aspergillaceae	Aspergillus	Aspergillus eucalypticola
NA	NA	NA	NA	NA	NA	NA	NA
Aspte1	Eukaryota	Ascomycota	Eurotiomycetes	Eurotiales	Aspergillaceae	Aspergillus	Aspergillus terreus
Aspcl1	Eukaryota	Ascomycota	Eurotiomycetes	Eurotiales	Aspergillaceae	Aspergillus	Aspergillus clavatus
Aspuda1	Eukaryota	Ascomycota	Eurotiomycetes	Eurotiales	Aspergillaceae	Aspergillus	Aspergillus udagawae
Neofi1	Eukaryota	Ascomycota	Eurotiomycetes	Eurotiales	Aspergillaceae	Aspergillus	Aspergillus fischeri
Aspnov1	Eukaryota	Ascomycota	Eurotiomycetes	Eurotiales	Aspergillaceae	Aspergillus	Aspergillus novofumigatus
NA	NA	NA	NA	NA	NA	NA	NA
Pendig1	Eukaryota	Ascomycota	Eurotiomycetes	Eurotiales	Aspergillaceae	Penicillium	Penicillium digitatum
Penpol1	Eukaryota	Ascomycota	Eurotiomycetes	Eurotiales	Aspergillaceae	Penicillium	Penicillium polonicum
Pensol1	Eukaryota	Ascomycota	Eurotiomycetes	Eurotiales	Aspergillaceae	Penicillium	Penicillium solitum
Pencop1	Eukaryota	Ascomycota	Eurotiomycetes	Eurotiales	Aspergillaceae	Penicillium	Penicillium coprophilum
Penita1	Eukaryota	Ascomycota	Eurotiomycetes	Eurotiales	Aspergillaceae	Penicillium	Penicillium italicum
Pench1	Eukaryota	Ascomycota	Eurotiomycetes	Eurotiales	Aspergillaceae	Penicillium	Penicillium chrysogenum
Pengri1	Eukaryota	Ascomycota	Eurotiomycetes	Eurotiales	Aspergillaceae	Penicillium	Penicillium griseofulvum
Penfla1	Eukaryota	Ascomycota	Eurotiomycetes	Eurotiales	Aspergillaceae	Penicillium	Penicillium flavigenum
Pennal1	Eukaryota	Ascomycota	Eurotiomycetes	Eurotiales	Aspergillaceae	Penicillium	Penicillium nalgiovense
Penant1	Eukaryota	Ascomycota	Eurotiomycetes	Eurotiales	Aspergillaceae	Penicillium	Penicillium antarcticum
Pensub1	Eukaryota	Ascomycota	Eurotiomycetes	Eurotiales	Aspergillaceae	Penicillium	Penicillium subrubescens
Penox1	Eukaryota	Ascomycota	Eurotiomycetes	Eurotiales	Aspergillaceae	Penicillium	Penicillium oxalicum
Erynec1	Eukaryota	Ascomycota	Leotiomycetes	Erysiphales	Erysiphaceae	Erysiphe	Erysiphe necator
Penste1	Eukaryota	Ascomycota	Eurotiomycetes	Eurotiales	Aspergillaceae	Penicillium	Penicillium steckii
Talma1_2	Eukaryota	Ascomycota	Eurotiomycetes	Eurotiales	Trichocomaceae	Talaromyces	Talaromyces marneffei
Hisca1	Eukaryota	Ascomycota	Eurotiomycetes	Onygenales	Ajellomycetaceae	Histoplasma	Histoplasma capsulatum
Parbr1	Eukaryota	Ascomycota	Eurotiomycetes	Onygenales	NA	Paracoccidioides	Paracoccidioides brasiliensis
Blade1	Eukaryota	Ascomycota	Eurotiomycetes	Onygenales	Ajellomycetaceae	Blastomyces	Blastomyces gilchristii
EndpusZ1	Eukaryota	Ascomycota	Eurotiomycetes	Verrucariales	Verrucariaceae	Endocarpon	Endocarpon pusillum
Fonmo1	Eukaryota	Ascomycota	Eurotiomycetes	Chaetothyriales	Herpotrichiellaceae	Fonsecaea	Fonsecaea monophora
Fonnu1	Eukaryota	Ascomycota	Eurotiomycetes	Chaetothyriales	Herpotrichiellaceae	Fonsecaea	Fonsecaea nubica
Capse1	Eukaryota	Ascomycota	Eurotiomycetes	Chaetothyriales	Herpotrichiellaceae	Phialophora	Phialophora americana
Venpi1	Eukaryota	Ascomycota	Dothideomycetes	Venturiales	Venturiaceae	Venturia	Venturia pyrina
Settu3	Eukaryota	Ascomycota	Dothideomycetes	Pleosporales	Pleosporaceae	Exserohilum	Exserohilum turcicum
Cocsa1	Eukaryota	Ascomycota	Dothideomycetes	Pleosporales	Pleosporaceae	Bipolaris	Bipolaris sorokiniana
CocheC5_3	Eukaryota	Ascomycota	Dothideomycetes	Pleosporales	Pleosporaceae	Bipolaris	Bipolaris maydis
Pyrco1	Eukaryota	Ascomycota	Pezizomycetes	Pezizales	Pyronemataceae	Pyronema	Pyronema omphalodes
Tubme1v2	Eukaryota	Ascomycota	Pezizomycetes	Pezizales	Tuberaceae	Tuber	Tuber melanosporum
Tubma1	Eukaryota	Ascomycota	Pezizomycetes	Pezizales	Tuberaceae	Tuber	Tuber magnatum
NA	NA	NA	NA	NA	NA	NA	NA
DimcrSC1	Eukaryota	Zoopagomycota	Dimargaritomycetes	Dimargaritales	Dimargaritaceae	Dimargaris	Dimargaris cristalligena
Spipu1	Eukaryota	Chytridiomycota	Chytridiomycetes	Spizellomycetales	Spizellomycetaceae	Spizellomyces	Spizellomyces punctatus
Rhihy1	Eukaryota	Chytridiomycota	Chytridiomycetes	Chytridiales	Chytriomycetaceae	Rhizoclosmatium	Rhizoclosmatium globosum
Coere1	Eukaryota	Zoopagomycota	Kickxellomycetes	Kickxellales	Kickxellaceae	Coemansia	Coemansia reversa
Thasp1	Eukaryota	Zoopagomycota	Zoopagomycetes	Zoopagales	Sigmoideomycetaceae	Thamnocephalis	Thamnocephalis sphaerospora
Linpe1	Eukaryota	Zoopagomycota	Kickxellomycetes	Kickxellales	Kickxellaceae	Linderina	Linderina pennispora
Terbo2	Eukaryota	Ascomycota	Pezizomycetes	Pezizales	Pezizaceae	Terfezia	Terfezia boudieri
NA	NA	NA	NA	NA	NA	NA	NA
Rhoto_IFO0559_1	Eukaryota	Basidiomycota	Microbotryomycetes	Sporidiobolales	Sporidiobolaceae	Rhodotorula	Rhodotorula toruloides
Micld1	Eukaryota	Basidiomycota	Microbotryomycetes	Microbotryales	Microbotryaceae	Microbotryum	Microbotryum lychnidis-dioicae
RhiirA5	Eukaryota	Mucoromycota	Glomeromycetes	Glomerales	Glomeraceae	Rhizophagus	Rhizophagus irregularis
Spore1	Eukaryota	Basidiomycota	Ustilaginomycetes	Ustilaginales	Ustilaginaceae	Sporisorium	Sporisorium reilianum
Psehu1	Eukaryota	Basidiomycota	Ustilaginomycetes	Ustilaginales	Ustilaginaceae	Pseudozyma	Pseudozyma hubeiensis
Malsy1_1	Eukaryota	Basidiomycota	Malasseziomycetes	Malasseziales	Malasseziaceae	Malassezia	Malassezia sympodialis
Malgl1	Eukaryota	Basidiomycota	Malasseziomycetes	Malasseziales	Malasseziaceae	Malassezia	Malassezia globosa
Meimi1	Eukaryota	Basidiomycota	Exobasidiomycetes	Exobasidiales	Brachybasidiaceae	Meira	Meira miltonrushii
Acain1	Eukaryota	Basidiomycota	Exobasidiomycetes	Exobasidiales	Cryptobasidiaceae	Acaromyces	Acaromyces ingoldii
Treen1	Eukaryota	Basidiomycota	Tremellomycetes	Tremellales	Naemateliaceae	Naematelia	NA
Kocim1	Eukaryota	Basidiomycota	Tremellomycetes	Tremellales	Cuniculitremaceae	Kockovaella	Kockovaella imperatae
Pucst_PST78_1	Eukaryota	Basidiomycota	Pucciniomycetes	Pucciniales	Pucciniaceae	Puccinia	Puccinia striiformis
Cryne_JEC21_1	Eukaryota	Basidiomycota	Tremellomycetes	Tremellales	Cryptococcaceae	Cryptococcus	Cryptococcus neoformans
Cryne_H99_1	Eukaryota	Basidiomycota	Tremellomycetes	Tremellales	Cryptococcaceae	Cryptococcus	Cryptococcus neoformans
Trias2479	Eukaryota	Basidiomycota	Tremellomycetes	Trichosporonales	Trichosporonaceae	Trichosporon	Trichosporon asahii
Pucst1	Eukaryota	Basidiomycota	Pucciniomycetes	Pucciniales	Pucciniaceae	Puccinia	Puccinia striiformis
Mixos1	Eukaryota	Basidiomycota	Mixiomycetes	Mixiales	Mixiaceae	Mixia	Mixia osmundae
Armcep1	Eukaryota	Basidiomycota	Agaricomycetes	Agaricales	Physalacriaceae	Armillaria	Armillaria cepistipes
Armosto1	Eukaryota	Basidiomycota	Agaricomycetes	Agaricales	Physalacriaceae	Armillaria	Armillaria ostoyae
PleosPC15_2	Eukaryota	Basidiomycota	Agaricomycetes	Agaricales	Pleurotaceae	Pleurotus	Pleurotus ostreatus
Suilu4	Eukaryota	Basidiomycota	Agaricomycetes	Boletales	Suillaceae	Suillus	Suillus luteus
SerlaS7_9_2	Eukaryota	Basidiomycota	Agaricomycetes	Boletales	Serpulaceae	Serpula	Serpula lacrymans
Agabi_varbisH97_2	Eukaryota	Basidiomycota	Agaricomycetes	Agaricales	Agaricaceae	Agaricus	Agaricus bisporus
Galma1	Eukaryota	Basidiomycota	Agaricomycetes	Agaricales	Strophariaceae	Galerina	Galerina marginata
Hebcy2	Eukaryota	Basidiomycota	Agaricomycetes	Agaricales	Cortinariaceae	Hebeloma	Hebeloma cylindrosporum
Psiser1	Eukaryota	Basidiomycota	Agaricomycetes	Agaricales	Strophariaceae	Psilocybe	Psilocybe serbica
Phaca1	Eukaryota	Basidiomycota	Agaricomycetes	Polyporales	Phanerochaetaceae	Phanerochaete	Phanerochaete carnosa
Bjead1_1	Eukaryota	Basidiomycota	Agaricomycetes	Polyporales	Phanerochaetaceae	Bjerkandera	Bjerkandera adusta
Phlcen1	Eukaryota	Basidiomycota	Agaricomycetes	Polyporales	Meruliaceae	Phlebia	Phlebia centrifuga
Phlrad1	Eukaryota	Basidiomycota	Agaricomycetes	Polyporales	Meruliaceae	Phlebia	Phlebia radiata
Pycci1	Eukaryota	Basidiomycota	Agaricomycetes	Polyporales	Polyporaceae	Trametes	Trametes cinnabarina
Trave1	Eukaryota	Basidiomycota	Agaricomycetes	Polyporales	Polyporaceae	Trametes	Trametes versicolor
Gansp1	Eukaryota	Basidiomycota	Agaricomycetes	Polyporales	Polyporaceae	Ganoderma	Ganoderma sp. 10597 SS1
Fibra1	Eukaryota	Basidiomycota	Agaricomycetes	Polyporales	NA	Fibroporia	Fibroporia radiculosa
PosplRSB12_1	Eukaryota	Basidiomycota	Agaricomycetes	Polyporales	Dacryobolaceae	Postia	Postia placenta
Punst1	Eukaryota	Basidiomycota	Agaricomycetes	Corticiales	Punctulariaceae	Punctularia	Punctularia strigosozonata
Hetan2	Eukaryota	Basidiomycota	Agaricomycetes	Russulales	Bondarzewiaceae	Heterobasidion	Heterobasidion annosum
Fomme1	Eukaryota	Basidiomycota	Agaricomycetes	Hymenochaetales	Hymenochaetaceae	Fomitiporia	Fomitiporia mediterranea
Botbo1	Eukaryota	Basidiomycota	Agaricomycetes	Cantharellales	Botryobasidiaceae	Botryobasidium	Botryobasidium botryosum
Rhiso1	Eukaryota	Basidiomycota	Agaricomycetes	Cantharellales	Ceratobasidiaceae	Rhizoctonia	Rhizoctonia solani
Treme1	Eukaryota	Basidiomycota	Tremellomycetes	Tremellales	Tremellaceae	Tremella	Tremella mesenterica
Monha1	Eukaryota	Ascomycota	Orbiliomycetes	Orbiliales	Orbiliaceae	Dactylellina	Dactylellina haptotyla
Ascim1	Eukaryota	Ascomycota	Pezizomycetes	Pezizales	Ascobolaceae	Ascobolus	Ascobolus immersus
Prola1	Eukaryota	Ascomycota	Taphrinomycetes	Taphrinales	Protomycetaceae	Protomyces	Protomyces lactucaedebilis
Tapde1_1	Eukaryota	Ascomycota	Taphrinomycetes	Taphrinales	Taphrinaceae	Taphrina	Taphrina deformans
Lipst1_1	Eukaryota	Ascomycota	Saccharomycetes	Saccharomycetales	Lipomycetaceae	Lipomyces	Lipomyces starkeyi
Catan2	Eukaryota	Blastocladiomycota	Blastocladiomycetes	Blastocladiales	Catenariaceae	Catenaria	Catenaria anguillulae
Pirfi3	Eukaryota	Chytridiomycota	Neocallimastigomycetes	Neocallimastigales	Neocallimastigaceae	Piromyces	Piromyces finnis
Rozal_SC1	Eukaryota	Cryptomycota	NA	NA	NA	Rozella	Rozella allomycis
RhiirA4	Eukaryota	Mucoromycota	Glomeromycetes	Glomerales	Glomeraceae	Rhizophagus	Rhizophagus irregularis
Rhiir2_1	Eukaryota	Mucoromycota	Glomeromycetes	Glomerales	Glomeraceae	Rhizophagus	Rhizophagus irregularis
Neoirr1	Eukaryota	Ascomycota	Neolectomycetes	Neolectales	Neolectaceae	Neolecta	Neolecta irregularis
Metbi_SCcomb	Eukaryota	Ascomycota	Saccharomycetes	Saccharomycetales	Metschnikowiaceae	Metschnikowia	Metschnikowia bicuspidata
Metbi1	Eukaryota	Ascomycota	Saccharomycetes	Saccharomycetales	Metschnikowiaceae	Metschnikowia	Metschnikowia bicuspidata
Clalu1_2	Eukaryota	Ascomycota	Saccharomycetes	Saccharomycetales	Metschnikowiaceae	Clavispora	Clavispora lusitaniae
Sacce1	Eukaryota	Ascomycota	Saccharomycetes	Saccharomycetales	Saccharomycetaceae	Saccharomyces	Saccharomyces cerevisiae
Aspca3	Eukaryota	Ascomycota	Eurotiomycetes	Eurotiales	Aspergillaceae	Aspergillus	Aspergillus carbonarius
Torde1	Eukaryota	Ascomycota	Saccharomycetes	Saccharomycetales	Saccharomycetaceae	Torulaspora	Torulaspora delbrueckii
Kazaf1	Eukaryota	Ascomycota	Saccharomycetes	Saccharomycetales	Saccharomycetaceae	Kazachstania	Kazachstania africana
Nakdel1	Eukaryota	Ascomycota	Saccharomycetes	Saccharomycetales	Saccharomycetaceae	Nakaseomyces	Nakaseomyces delphensis
Zygro1	Eukaryota	Ascomycota	Saccharomycetes	Saccharomycetales	Saccharomycetaceae	Zygosaccharomyces	Zygosaccharomyces rouxii
Hanva1_1	Eukaryota	Ascomycota	Saccharomycetes	Saccharomycetales	Saccharomycodaceae	Hanseniaspora	Hanseniaspora valbyensis
Schpo1	Eukaryota	Ascomycota	Schizosaccharomycetes	Schizosaccharomycetales	Schizosaccharomycetaceae	Schizosaccharomyces	Schizosaccharomyces pombe
Schoc1	Eukaryota	Ascomycota	Schizosaccharomycetes	Schizosaccharomycetales	Schizosaccharomycetaceae	Schizosaccharomyces	Schizosaccharomyces octosporus
NA	NA	NA	NA	NA	NA	NA	NA
